r, theta, phi, ground_track_beam_radius, ground_track_beam_area, v_r, v_theta, v_phi, beamwidth, v_groundtrack
7442669.961955976, 153.29259907999364, -84.46382543374432, 82.53106259366075, 21398.56972241789, 24.47112362909292, -0.0008970154667007537, 0.04623828373157475, 0.004449812006670223, 8037.46016338318
7451458.950350199, 152.97330203437977, -79.01317747889567, 83.21364945248516, 21753.99431735809, 73.40587516200048, -0.0026667777926902866, 0.04552396309780293, 0.004449812006670223, 7874.104035923098
7466104.2730364455, 152.4504875398354, -73.72546625684392, 84.35106190093549, 22352.75105375528, 122.31814181486965, -0.004366561178375647, 0.04416311098029935, 0.004449812006670222, 7568.199839328185
7486601.444020607, 151.73708105011144, -68.66370245921411, 85.94295153934503, 23204.403130066326, 171.19294132035293, -0.005958390815359142, 0.0422759918163698, 0.004449812006670223, 7155.037736584545
7512944.184834798, 150.84926841938133, -63.87315375969993, 87.98883075759537, 24322.318200379566, 220.01530288769698, -0.007415035748762306, 0.040010795784547575, 0.004449812006670223, 6675.072301861448
7545124.426460491, 149.80512133350604, -59.381023588808524, 90.48807288447426, 25723.647582903406, 268.77027178819054, -0.00872074545995611, 0.03751839594561856, 0.004449812006670223, 6165.700745261956
7583132.311800143, 148.6233595265815, -55.19843379168489, 93.43991237963208, 27429.299574038585, 317.4429139362564, -0.009870107432083997, 0.0349331061471554, 0.004449812006670222, 5656.463110505983
7626956.198696512, 147.32237993358967, -51.32367150608263, 96.8434450680733, 29463.906902463397, 366.0183204636983, -0.01086581769231134, 0.032362122221744886, 0.004449812006670223, 5167.722915850346
7676582.663498747, 145.91958891654681, -47.74576125299436, 100.69762841711301, 31855.788365228997, 414.4816122864261, -0.01171614953355794, 0.029882805801822135, 0.004449812006670223, 4711.628408098056
7731996.505174176, 144.43100881256578, -44.44773191954813, 105.00128185571418, 34636.904695373465, 462.8179446620961, -0.012432662370255398, 0.027545232587938586, 0.004449812006670223, 4294.032716155911
7793180.749964523, 142.87109926868143, -41.409271479978536, 109.75308713610772, 37842.80871801418, 511.0125117372498, -0.013028407833334999, 0.025377305977366378, 0.004449812006670223, 3916.4821822908766
7860116.656585121, 141.2527286193313, -38.60870045925154, 114.95158873758314, 41512.589859256914, 559.0505510823576, -0.013516676609804813, 0.02339044694437477, 0.004449812006670222, 3577.8570962089234
7932783.721965532, 139.5872393078005, -36.02433032540941, 120.59519431232773, 45688.81307956268, 606.9173482137559, -0.013910212984947455, 0.021584731132642, 0.004449812006670223, 3275.5638270889294
8011159.687529828, 137.88456497967766, -33.635328013663, 126.68217517317711, 50417.45231042329, 654.5982411008207, -0.014220783276250478, 0.019953013656617523, 0.004449812006670223, 3006.328178722852
8095220.54601459, 136.15337015680552, -31.42221424328434, 133.21066682312753, 55747.81848031059, 702.0786246570553, -0.014458987240486202, 0.018483987674224163, 0.004449812006670222, 2766.686460932039
8184940.54882255, 134.40119413864835, -29.36710655656946, 140.17866952644843, 61732.48222287192, 749.3439552138085, -0.01463422276621006, 0.017164316475217524, 0.004449812006670223, 2553.267749243601
8280292.213909614, 132.63458855786234, -27.453793930034315, 147.58404892121885, 68427.191367234, 796.3797549750376, -0.014754738874033191, 0.015980040194572602, 0.004449812006670223, 2362.940887437127
8381246.334202862, 130.85924322722698, -25.66770649271267, 155.42453667310207, 75890.78331704857, 843.1716164520876, -0.014827733507500964, 0.014917451880881512, 0.004449812006670223, 2192.8783466545447
8487771.986546949, 129.08009818016194, -23.995824560026218, 163.69773117015754, 84185.09243154556, 889.7052068768627, -0.014859468844649846, 0.013963604334379537, 0.004449812006670223, 2040.5715491336234
8599836.541176114, 127.30144171877365, -22.426556489774384, 172.40109825847424, 93374.85252835238, 935.9662725918096, -0.014855388163508324, 0.013106570505467291, 0.004449812006670223, 1903.8196072978387
8717405.671709016, 125.52699530964789, -20.949604287517467, 181.53197201840757, 103527.594634194, 981.9406434164418, -0.014820225690087339, 0.012335545812117984, 0.004449812006670223, 1780.7048845158613
8840443.365663163, 123.75998664389682, -19.555828575693077, 191.08755558117144, 114713.54011576006, 1027.6142369871525, -0.014758105450856087, 0.011640853453994422, 0.004449812006670223, 1669.563267313985
8968911.9354859, 122.00321233002265, -18.23711964605807, 201.0649219855467, 127005.48932907336, 1072.973063071389, -0.014672627859745296, 0.011013893604345666, 0.004449812006670223, 1568.9535914469432
9102772.030098438, 120.25909166088806, -16.98627813286337, 211.46101507443603, 140478.70593152795, 1118.003227852722, -0.014566944267455095, 0.010447063057378598, 0.004449812006670223, 1477.628568081493
9241982.646949422, 118.52971277881083, -15.796906836742323, 222.27265043098956, 155210.79700644477, 1162.6909381863618, -0.01444382045253361, 0.009933662097188956, 0.004449812006670223, 1394.5083158752911
9386501.144574387, 116.81687240839446, -14.663314007707115, 233.49651635402196, 171281.58915549386, 1207.0225058245446, -0.014305690343823951, 0.00946779879097252, 0.004449812006670223, 1318.6568937405402
9536283.255657265, 115.12211016497562, -13.580427688323578, 245.12917487241884, 188773.00071961377, 1250.984351609495, -0.014154701325063131, 0.009044296614107898, 0.004449812006670223, 1249.2618392323664
9691283.10058979, 113.44673829317912, -12.543720340134572, 257.1670627982129, 207768.91029414645, 1294.5630096320092, -0.013992752402751486, 0.008658608564179037, 0.004449812006670223, 1185.6165185846976
9851453.201524898, 111.79186755229041, -11.54914280423938, 269.60649281802563, 228355.02170883433, 1337.7451313572758, -0.013821526388039015, 0.008306739201844798, 0.004449812006670222, 1127.105006336789
10016744.496919574, 110.15842984547197, -10.593066599541556, 282.4436546225205, 250618.72564795005, 1380.5174897126903, -0.013642517092232086, 0.007985175014400615, 0.004449812006670223, 1073.1891867375577
10187106.356562892, 108.54719808812035, -9.672233587154487, 295.6746160735393, 274648.9580903464, 1422.8669831403254, -0.013457052385567244, 0.007690822893424543, 0.004449812006670223, 1023.3977767012137
10362486.597084437, 106.95880372548108, -8.78371209354151, 309.29532440854587, 300536.0557533921, 1464.7806396089832, -0.013266313830674939, 0.007420956191247006, 0.004449812006670223, 977.316994033134
10542831.49793861, 105.39375223902644, -7.9248586674566495, 323.3016074820294, 328371.6087288365, 1506.24562058885, -0.013071353480487406, 0.0071731676672914906, 0.004449812006670223, 934.5826252266484
10728085.817859678, 103.85243692299368, -7.0932847341239595, 337.6891750434667, 358248.31050234614, 1547.2492249830893, -0.012873108325907729, 0.006945328586201711, 0.004449812006670223, 894.8732789663258
10918192.811782662, 102.33515116487317, -6.286827497049698, 352.4536200514649, 390259.8055520533, 1587.7788930186912, -0.01267241279086019, 0.006735553241494246, 0.004449812006670223, 857.9046417789734
11113094.248224897, 100.84209942475785, -5.503524519438649, 367.5904200236795, 424500.5347247238, 1627.8222100938247, -0.012470009599438095, 0.0065421682234024815, 0.004449812006670223, 823.4245797252497
11312730.427122818, 99.37340707675428, -4.741591491464749, 383.094938422089, 461065.57859118644, 1667.3669105800282, -0.012266559279996044, 0.006363685810533007, 0.004449812006670223, 791.208954183676
11517040.198118662, 97.92912924980327, -3.9994027559614467, 398.96242607321085, 500050.4989855, 1706.4008815798936, -0.012062648522109226, 0.006198780931467355, 0.004449812006670223, 761.0580406178127
11725960.97929134, 96.5092587841612, -3.2754742235089904, 415.18802262281304, 541551.1789348241, 1744.9121666367544, -0.011858797562599948, 0.0060462712084525675, 0.004449812006670223, 732.7934569898711
11939428.776325874, 95.1137334025493, -2.568448358863041, 431.7667580246873, 585663.661189302, 1782.8889693976284, -0.0116554667446527, 0.00590509965750084, 0.004449812006670223, 706.2555234941381
12157378.20211542, 93.74244218084156, -1.8770809648465345, 448.69355406301804, 632483.9855632314, 1820.3196572261745, -0.011453062368086386, 0.005774319675926599, 0.004449812006670223, 681.3009879055551
12379742.496789906, 92.39523139153334, -1.2002295279425426, 465.9632259078833, 682108.0253005902, 1857.1927647657742, -0.011251941927908352, 0.0056530819989763625, 0.004449812006670223, 657.80106140406
12606453.548165213, 91.07190978362061, -0.5368429226063088, 483.57048370341823, 734631.3226794957, 1893.496997451961, -0.011052418821427486, 0.005540623351768468, 0.004449812006670223, 635.6397185657855
12837441.912606541, 89.77225335453704, 0.1140477005496403, 501.5099341881439, 790148.9240713511, 1929.2212349716597, -0.010854766590601727, 0.005436256561552263, 0.004449812006670223, 614.7122225818785
13072636.836299583, 88.49600966311958, 0.7533369934282537, 519.7760823469698, 848755.214671437, 1964.354534669253, -0.010659222755380771, 0.005339361928876334, 0.004449812006670223, 594.9238429156495
13311966.276923116, 87.24290172695802, 1.3818525860497195, 538.3633330943707, 910543.7531184026, 1998.8861348991798, -0.010465992284942329, 0.005249379685114493, 0.004449812006670223, 576.188737739626
13555356.92571619, 86.01263154272297, 2.0003614714580102, 557.2659929882099, 975607.1062204712, 2032.8054583216713, -0.01027525074658742, 0.005165803388557334, 0.004449812006670223, 558.4289777822505
13802734.229933232, 84.80488326400086, 2.60957569714665, 576.47827197369, 1044036.6840063756, 2066.1021151426235, -0.010087147166250426, 0.005088174132441532, 0.004449812006670223, 541.5736917978866
14054022.415680228, 83.6193260676643, 3.2101574472219814, 595.9942851568987, 1115922.5753189034, 2098.7659062963157, -0.009901806629861301, 0.005016075456372502, 0.004449812006670223, 525.5583168732776
14309144.51112501, 82.45561673677018, 3.8027235883706303, 615.8080546074099, 1191353.384168543, 2130.7868265700345, -0.009719332650913057, 0.004949128868002197, 0.004449812006670223, 510.3239393027757
14568022.370074322, 81.31340198532459, 4.387849743121119, 635.9135111893696, 1270416.067063974, 2162.1550676673633, -0.009539809326397633, 0.00488698989497667, 0.004449812006670223, 495.81671387412166
14830576.695910804, 80.19232054791406, 4.966073945656743, 656.3044964205346, 1353195.7715353735, 2192.8610212142025, -0.009363303300648723, 0.004829344598392647, 0.004449812006670223, 481.98735118959576
15096727.06588219, 79.0920050551334, 5.537899928346292, 676.9747643586664, 1439775.6760650992, 2222.895281700573, -0.009189865554374958, 0.004775906488542749, 0.004449812006670223, 468.790664143194
15366391.955735533, 78.01208371388753, 6.103800081049793, 697.9179835147198, 1530236.8316389944, 2252.248649362198, -0.009019533034356772, 0.004726413791923312, 0.004449812006670223, 456.18516594363143
15639488.76468883, 76.95218180998818, 6.664218119979565, 719.127738792236, 1624658.0051297476, 2280.91213299849, -0.008852330137646048, 0.004680627025432325, 0.004449812006670223, 444.13271314218576
15915933.840732388, 75.91192304896761, 7.219571498335858, 740.5975334523445, 1723115.5247217293, 2308.8769527265654, -0.008688270062780359, 0.0046383268396636155, 0.004449812006670222, 432.59818803871195
16195642.506252168, 74.89093074967747, 7.770253586986181, 762.320791103772, 1825683.1275844737, 2336.1345426704825, -0.008527356039327263, 0.004599312098305283, 0.004449812006670223, 421.54921560475776
16478529.083967326, 73.88882890400662, 8.316635650031868, 784.2908577172511, 1932431.8099994494, 2362.6765535853124, -0.008369582446061086, 0.004563398165032285, 0.004449812006670223, 410.95591072815455
16764506.923173899, 72.90524311493013, 8.859068637129486, 806.5010036637076, 2043429.680141962, 2388.494855414109, -0.008214935827145097, 0.004530415373037727, 0.004449812006670223, 400.79065213968937
17053488.42628674, 71.93980142407175, 9.397884811845918, 828.9444257756087, 2158741.8137170174, 2413.5815397789397, -0.008063395814917926, 0.004500207655581622, 0.004449812006670223, 391.02787986561464
17345385.075671393, 70.99213503902338, 9.933399233069458, 851.6142494308322, 2278430.112644649, 2437.9289224024637, -0.007914935967125399, 0.004472631318710565, 0.0044498120066702234, 381.6439134594299
17640107.460757893, 70.06187896980073, 10.465911104530171, 874.503530658426, 2402553.1669867323, 2461.5295454624184, -0.007769524525818526, 0.004447553939702682, 0.004449812006670223, 372.6167886217896
17937565.305428024, 69.14867258302115, 10.995705005761428, 897.6052582656123, 2531166.120303508, 2484.376179875864, -0.007627125104539215, 0.004424853376861042, 0.004449812006670223, 363.9261101178436
18237667.495667633, 68.25216008166244, 11.523052016326387, 920.9123559853706, 2664320.538623952, 2506.461827512601, -0.007487697309870818, 0.004404416878059504, 0.004449812006670223, 355.5529191675019
18540322.107475806, 67.37199091758966, 12.048210743812271, 944.4176846439736, 2802064.283210138, 2527.7797233407528, -0.007351197302961024, 0.004386140277008661, 0.004449812006670222, 347.4795737060857
18845436.435021825, 66.50782014342226, 12.571428264932656, 968.1140443477652, 2944441.3872908293, 2548.323337496051, -0.007217578306153603, 0.004369927267531576, 0.004449812006670223, 339.68964011149797
19152917.01904205, 65.65930870974533, 13.09294098805783, 991.9941766885718, 3091491.936935474, 2568.086377285805, -0.007086791059476001, 0.004355688747328822, 0.0044498120066702234, 332.16779516228235
19462669.675467074, 64.82612371314927, 13.612975444591351, 1016.0507669669986, 3243251.956234079, 2587.062789112169, -0.006958784231320866, 0.004343342223699969, 0.004449812006670223, 324.8997371380914
19774599.524271313, 64.00793860010057, 14.131749015818224, 1040.2764464330005, 3399753.2969441875, 2605.2467603297528, -0.006833504787346876, 0.004332811274600727, 0.0044498120066702234, 317.8721051030664
20088611.01853558, 63.20443333120685, 14.649470601146648, 1064.6637945429932, 3561023.5327601535, 2622.6327210247073, -0.006710898321266423, 0.004324025059160448, 0.004449812006670223, 311.0724055234221
20404607.97371396, 62.41529451003435, 15.166341233044152, 1089.2053412328332, 3727085.8583548013, 2639.2153457208756, -0.006590909350904529, 0.004316917872472179, 0.004449812006670223, 304.4889454684499
20722493.597095966, 61.64021548026343, 15.682554643417598, 1113.893569205962, 3897958.9933376703, 2654.989555010869, -0.0064734815826409595, 0.004311428740050465, 0.004449812006670223, 298.11077172914224
21042170.517455082, 60.87889639462559, 16.198297785698195, 1138.720916236027, 4073657.0912683397, 2669.950517112747, -0.006358558147091399, 0.0043075010478784, 0.0044498120066702234, 291.92761526346345
21363540.8148744, 60.131044258754336, 16.713751316455713, 1163.6797774832557, 4254189.653856995, 2684.093649349105, -0.006246081808628108, 0.0043050822043943756, 0.0044498120066702234, 285.92984044275585
21686506.05074033, 59.3963729527919, 17.229090039980534, 1188.762507823884, 4439561.450478419, 2697.4146195508906, -0.006135995151163149, 0.004304123331198378, 0.004449812006670223, 280.1083986310409
22010967.29789538, 58.674603233332675, 17.744483318925504, 1213.9614241919369, 4629772.443119177, 2709.909347385777, -0.006028240742377153, 0.0043045789795826146, 0.004449812006670223, 274.4547856799778
22336825.170940284, 57.96546271804299, 18.260095453790615, 1239.26880793261, 4824817.7168708965, 2721.574005605851, -0.005922761278406741, 0.004306406870305849, 0.004449812006670223, 268.96100296706805
22663979.856676687, 57.26868585507443, 18.776086033758403, 1264.6769071665647, 5024687.416076348, 2732.405021221165, -0.005819499710849425, 0.00430956765431382, 0.004449812006670223, 263.61952164287146
22992331.14468087, 56.58401387918778, 19.292610261139693, 1290.1779391644043, 5229366.686227899, 2742.3990765944677, -0.005718399357756581, 0.004314024692332183, 0.004449812006670223, 258.4232497896626
23321778.457999054, 55.911194756319425, 19.809819251467665, 1315.7640927305883, 5438835.621710917, 2751.553110456544, -0.0056194040001626925, 0.0043197438514805606, 0.004449812006670223, 253.36550222409116
23652220.88395507, 55.24998311815331, 20.327860311078606, 1341.4275305960755, 5653069.21947785, 2759.8643188446013, -0.005522457965559049, 0.004326693317240672, 0.004449812006670223, 248.43997270158957
23983557.205060784, 54.60014018810765, 20.84687719383855, 1367.1603918189487, 5872037.338731337, 2767.3301559607307, -0.005427506199597901, 0.004334843419282353, 0.004449812006670223, 243.64070830967282
24315685.93001993, 53.96143370000508, 21.367010338512785, 1392.9547941922901, 6095704.666687454, 2773.9483349517395, -0.005334494327200797, 0.004344166469792026, 0.004449812006670222, 238.9620858528471
24648505.32481577, 53.33363781056749, 21.888397088129302, 1418.8028366585718, 6324030.690482896, 2779.7168286095234, -0.0052433687041347245, 0.004354636613085913, 0.004449812006670223, 234.39879005553522
24981913.443873286, 52.71653300675792, 22.411171892556013, 1444.6966017298296, 6556969.675282432, 2784.6338699934936, -0.00515407646004974, 0.004366229685410592, 0.004449812006670223, 229.94579342470954
25315808.16128583, 52.10990600888878, 22.93546649539023, 1470.6281579128477, 6794470.648635071, 2788.697952968786, -0.00506656553383893, 0.004378923083918913, 0.004449812006670222, 225.59833762894925
25650087.20209733, 51.513549670315385, 23.461410106152865, 1496.5895621386555, 7036477.391120469, 2791.9078326705676, -0.004980784702157468, 0.004392695643934367, 0.004449812006670223, 221.3519162654868
25984648.173629995, 50.927262874447784, 23.98912955867969, 1522.5728621955573, 7282928.433318709, 2794.2625258836892, -0.004896683601820858, 0.004407527523668698, 0.004449812006670223, 217.2022588981218
26319388.596848127, 50.350850429733086, 24.518749456513085, 1548.5700991649678, 7533757.059129366, 2795.7613113445477, -0.004814212746754976, 0.004423400095649572, 0.004449812006670223, 213.14531625990594
26654205.937748328, 49.78412296318724, 25.05039230601669, 1574.5733098592987, 7788891.315457734, 2796.4037299614065, -0.004733323540111294, 0.004440295844181879, 0.004449812006670223, 209.17724652487917
26988997.638766706, 49.226896812989274, 25.58417863786028, 1600.574529261161, 8048254.028278571, 2796.1895849563316, -0.004653968282097064, 0.004458198268215607, 0.0044498120066702234, 205.29440256137056
27323661.15019302, 48.67899392059103, 26.12022711745488, 1626.565792963111, 8311762.825079488, 2795.1189419232537, -0.004576100174022268, 0.004477091789057879, 0.004449812006670222, 201.49332008785424
27658093.96158264, 48.140241722740015, 26.658654644856217, 1652.5391396072255, 8579330.163678888, 2793.1921288096096, -0.004499673319024875, 0.00449696166241217, 0.004449812006670222, 197.7707066584381
27992193.63315645, 47.61047304376382, 27.199576444597813, 1678.4866133237379, 8850863.367405072, 2790.4097358158133, -0.004424642719886295, 0.004517793894270569, 0.004449812006670223, 194.12343141379532
28325857.827179182, 47.089525988420064, 27.74310614586274, 1704.400266168001, 9126264.666615572, 2786.7726152148584, -0.004350964274308317, 0.004539575160221743, 0.004449812006670223, 190.5485155353476
28658984.339306045, 46.57724383557407, 28.28935585335558, 1730.2721605549896, 9405431.246527484, 2782.2818810876984, -0.004278594767999744, 0.004562292727779048, 0.004449812006670223, 187.04312335054132
28991471.1298892, 46.07347493292927, 28.838436209193745, 1756.0943716906806, 9688255.301323174, 2776.9389089878987, -0.004207491865883933, 0.00458593438137378, 0.0044498120066702234, 183.60455403712882
29323216.35523322, 45.57807259300313, 29.390456446094937, 1781.8589899994734, 9974624.094486026, 2770.745335515383, -0.004137614101696146, 0.004610488349660464, 0.004449812006670223, 180.2302338820813
29654118.398790784, 45.090894990509504, 29.945524432103305, 1807.55812354697, 10264420.02531501, 2763.7030578175522, -0.004068920866237027, 0.004635943234847641, 0.004449812006670223, 176.9177090532003
29984075.90228877, 44.61180506128102, 30.50374670706169, 1833.1839004573444, 10557520.701558195, 2755.8142330075534, -0.0040013723945105245, 0.004662287943761136, 0.004449812006670223, 173.66463884431647
30312987.796775136, 44.14067040284078, 31.065228511007653, 1858.7284713245679, 10853799.018098162, 2747.081277503205, -0.003934929751948143, 0.004689511620391121, 0.004449812006670223, 170.46878936037083
30640753.33357729, 43.67736317670878, 31.63007380464243, 1884.1840116167514, 11153123.241614789, 2737.506866287268, -0.003869554819921291, 0.0047176035796850846, 0.004449812006670223, 167.3280276091036
30967272.11516235, 43.22176001250895, 32.198385281997155, 1909.542724072876, 11455357.101143481, 2727.09393208841, -0.0038052102807016055, 0.0047465532423792015, 0.004449812006670223, 164.2403159703929
31292444.12588977, 42.77374191392318, 32.770264375397126, 1934.7968410911596, 11760359.884439422, 2715.8456644820158, -0.003741859602035657, 0.004776350070671222, 0.004449812006670223, 161.203707016128
31616169.762646947, 42.33319416652238, 33.34581125280485, 1959.938627108337, 12067986.540051505, 2703.7655089129075, -0.0036794670214673766, 0.004806983504568036, 0.004449812006670223, 158.2163386553355
31938349.86535878, 41.90000624748846, 33.92512480760407, 1984.9603809691503, 12378087.785002748, 2690.8571656426407, -0.0036179975305452986, 0.004838442898752405, 0.004449812006670222, 155.27642958241157
32258885.747361045, 41.474071737228684, 34.508302640870056, 2009.8544382852629, 12690510.217965936, 2677.1245886119573, -0.003557416859017337, 0.004870717459828053, 0.004449812006670223, 152.38227500617472
32577679.225629095, 41.05528823286857, 35.095441036159336, 2034.6131737829369, 13005096.437818019, 2662.5719842326375, -0.0034976914591409907, 0.0049037961838418916, 0.004449812006670223, 149.5322426419561
32894632.650852382, 40.643557263600954, 35.686634926838146, 2059.2290036387376, 13321685.167449012, 2647.203810099643, -0.003438788490180897, 0.004937667793967073, 0.0044498120066702234, 146.72476894700685
33209648.937344976, 40.23878420785631, 36.2819778559599, 2083.694387802499, 13640111.38269424, 2631.0247736214246, -0.003380675803197357, 0.004972320678272331, 0.004449812006670223, 143.9583555843639
33522631.592784084, 39.840878212250274, 36.88156192869578, 2108.0018323069344, 13960206.446254192, 2614.0398305834065, -0.0033233219262033243, 0.005007742827525265, 0.0044498120066702234, 141.23156609914034
33833484.747766346, 39.44975211225657, 37.48547775731478, 2132.1438915630897, 14281798.246457651, 2596.2541836259593, -0.003266696049753493, 0.0050439217729654155, 0.004449812006670222, 138.54302279285193
34142113.18517361, 39.06532235454433, 38.09381439870872, 2156.113170641007, 14604711.340719735, 2577.67328065328, -0.003210768013043563, 0.005080844524039363, 0.004449812006670222, 135.89140378432694
34448422.36933864, 38.687508920913075, 38.706659284455384, 2179.902327534843, 14928767.103539027, 2558.3028131623637, -0.003155508290566343, 0.005118497506079153, 0.004449812006670223, 133.27544024349217
34752318.47500243, 38.316235253750456, 39.32409814341593, 2203.504075411807, 15253783.878873745, 2538.148714502441, -0.0031008879793937003, 0.005156866497948315, 0.004449812006670223, 130.6939137882514
35053708.41605356, 37.95142818293415, 39.94621491686482, 2226.911184844172, 15579577.136729877, 2517.2171580547, -0.003046878787114804, 0.0051959365696729876, 0.004449812006670222, 128.14565403391
35352499.87404146, 37.59301785409158, 40.57309166615975, 2250.116486023723, 15905959.633790266, 2495.5145553438083, -0.002993453020495763, 0.005235692020136248, 0.004449812006670223, 125.62953628572122
35648601.32645422, 37.24093765812873, 41.204808472964864, 2273.1128709579234, 16232741.577907342, 2473.04755407171, -0.0029405835748797697, 0.005276116314882522, 0.004449812006670223, 123.1444793662504
35941922.07475282, 36.8951241619332, 41.841443332055746, 2295.8932956471594, 16559730.79627835, 2449.823036082727, -0.002888243924380321, 0.005317192024160563, 0.004449812006670223, 120.689443569168
36232372.27215309, 36.55551704015384, 42.483072036747195, 2318.4507822423957, 16886732.90711666, 2425.8481152570366, -0.002836408112889012, 0.00535890076130879, 0.004449812006670223, 118.26342873268341
36519862.951146215, 36.222059007956524, 43.12976805700167, 2340.7784211825265, 17213551.494627696, 2401.1301353269832, -0.00278505074592329, 0.005401223121623928, 0.004449812006670222, 115.865472425668
36804306.05075065, 35.8946957546509, 43.78160241030023, 2362.8693733108616, 17539988.28709573, 2375.676667633281, -0.0027341469833517995, 0.005444138621913239, 0.0044498120066702234, 113.49464824061452
37085614.4434858, 35.573375878083276, 44.438643525376285, 2384.7168719700057, 17865843.337881226, 2349.495508801878, -0.0026836725329954193, 0.00548762564088441, 0.004449812006670222, 111.15006418762913
37363701.96205993, 35.258050819686424, 45.10095709894372, 2406.314225074552, 18190915.209126804, 2322.5946783569093, -0.0026336036451411987, 0.005531661360634498, 0.004449812006670223, 108.83086118443238
37638483.425764106, 34.948674800077484, 45.768605945577654, 2427.6548171609275, 18515001.157965202, 2294.9824162651403, -0.0025839171079640286, 0.005576221709460604, 0.004449812006670222, 106.53621163856619
37909874.66656374, 34.645204755092884, 46.441649840940755, 2448.732111413773, 18837897.3250197, 2266.6671804109624, -0.0025345902438770034, 0.005621281306281343, 0.004449812006670223, 104.26531811683142
38177792.55487996, 34.34760027215031, 47.12014535858282, 2469.539651668217, 19159398.924984254, 2237.6576440053045, -0.002485600906799839, 0.005666813406961196, 0.004449812006670223, 102.01741209903358
38442155.025053084, 34.05582352682587, 47.804145700582836, 2490.071064387472, 19479300.439068496, 2207.962692930761, -0.002436927480361502, 0.005712789852882377, 0.004449812006670223, 99.79175281318673
38702881.10047994, 33.76983921953727, 48.493700522343254, 2510.320060615093, 19797395.80908897, 2177.591423017647, -0.0023885488770148443, 0.0057591810221038165, 0.004449812006670223, 97.58762614912796
38959890.91841784, 33.48961451222331, 49.18885575189339, 2530.2804379013546, 20113478.632987227, 2146.5531372596297, -0.002340444538067285, 0.0058059557835017025, 0.004449812006670223, 95.40434364917563
39213105.75444717, 33.215118964913266, 49.889653404107385, 2549.946082203104, 20427342.361552056, 2114.857342962531, -0.002292594434600711, 0.0058530814542952095, 0.004449812006670223, 93.2412415741039
39462448.04658538, 32.946324472080654, 50.596131390294225, 2569.3109697565533, 20738780.496122465, 2082.513748833138, -0.002244979069271821, 0.005900523761394327, 0.004449812006670223, 91.09768004365306
39707841.41904503, 32.68320519868048, 51.30832332367101, 2588.369168922416, 21047586.787046157, 2049.5322620058514, -0.002197579478956229, 0.00594824680701618, 0.004449812006670223, 88.97304225122038
39949210.705628306, 32.42573751577144, 52.026258321289575, 2607.1148420028194, 21353555.43266665, 2015.9229850068582, -0.0021503772382147276, 0.005996213039063583, 0.004449812006670222, 86.86673375402496
40186481.97275103, 32.17389993563022, 52.749960803042725, 2625.5422470294366, 21656481.27861201, 1981.6962126594956, -0.002103354463535016, 0.00604438322673394, 0.004449812006670222, 84.77818183873765
40419582.54208925, 31.92767304626931, 53.479450288441825, 2643.645739522309, 21956160.01715737, 1946.8624289320594, -0.002056493818314131, 0.006092716441905301, 0.004449812006670223, 82.70683496603239
40648441.01284145, 31.687039445275897, 54.21474119191661, 2661.419774218814, 22252388.386432774, 1911.432303727239, -0.0020097785185283937, 0.006141170046794137, 0.004449812006670223, 80.65216229648637
40872987.28359883, 31.45198367289753, 54.9558426174521, 2678.8589067721987, 22544964.369247347, 1875.4166896093898, -0.001963192339024482, 0.006189699688418717, 0.004449812006670223, 78.61365330242573
41093152.57381836, 31.22249214430518, 55.70275815344481, 2695.9577954192578, 22833687.391302843, 1838.8266184858178, -0.0019167196203899207, 0.006238259300430664, 0.004449812006670223, 76.59081747159681
41308869.444890864, 30.99855308097563, 56.45548566872092, 2712.711202616563, 23118358.518567845, 1801.6732982254644, -0.0018703452763083532, 0.0062868011128196, 0.004449812006670223, 74.58318411020835
41520071.82079778, 30.78015644114272, 57.21401711072295, 2729.1139966447486, 23398780.653585464, 1763.9681092230176, -0.0018240548013366694, 0.006335275670024915, 0.0044498120066702234, 72.59030225405569
41726695.00835119, 30.567293849277345, 57.97833830693671, 2745.161153180428, 23674758.730489746, 1725.7226009184055, -0.0017778342790166584, 0.006383631857998095, 0.004449812006670222, 70.61174070061925
41928675.71700968, 30.359958524567705, 58.7484287706843, 2760.8477568351723, 23946099.908504672, 1686.9484882540635, -0.0017316703902251372, 0.0064318169406683895, 0.004449812006670223, 68.64708817592468
42125952.07826489, 30.15814520838257, 59.52426151247013, 2776.169002661144, 24212613.763703585, 1647.6576480897602, -0.0016855504216676954, 0.006479776606322083, 0.004449812006670223, 66.69595365484913
42318463.66459249, 29.96185009071319, 60.30580285811672, 2791.120197622902, 24474112.478807505, 1607.862115563911, -0.0016394622744091423, 0.006527455024310122, 0.004449812006670223, 64.75796685740379
42506151.507961504, 29.7710707356032, 61.09301227497398, 2805.69676203491, 24730411.03080273, 1567.5740804057286, -0.0015933944723258292, 0.006574794912478974, 0.004449812006670223, 62.83277894935768
42688958.1178968, 29.58580600558909, 61.88584220752907, 2819.894230964337, 24981327.3761614, 1526.8058832025727, -0.0015473361703692832, 0.006621737615683875, 0.004449812006670223, 60.92006348171284
42866827.49908901, 29.40605598519028, 62.68423792377603, 2833.7082555987113, 25226682.63345067, 1485.5700116203768, -0.0015012771625042465, 0.006668223195654855, 0.004449812006670222, 59.019517612882176
43039705.168546356, 29.231821903501462, 63.48813737373154, 2847.1346045780024, 25466301.263119012, 1443.879096577782, -0.0014552078892062013, 0.006714190532441911, 0.004449812006670223, 57.130863668021554
43207538.17228326, 29.063106055956975, 64.29747106149978, 2860.169165290716, 25700011.244251363, 1401.7459083769565, -0.0014091194443767803, 0.006759577437576976, 0.004449812006670223, 55.25385110347473
43370275.10154066, 28.899911725353757, 65.11216193229627, 2872.8079451336334, 25927644.2480887, 1359.1833527926633, -0.001363003581536181, 0.006804320779012136, 0.004449812006670223, 53.388258962865024
43527866.108532906, 28.742243102234042, 65.93212527583816, 2885.0470727347706, 26149035.808110338, 1316.2044671182025, -0.0013168527191704524, 0.006848356617812136, 0.004449812006670223, 51.53389893337829
43680262.921716705, 28.590105204748667, 66.75726864748798, 2896.8827991392286, 26364025.48648228, 1272.8224161735823, -0.001270659945069565, 0.006891620356432642, 0.004449812006670223, 49.69061914188258
43827418.860577, 28.443503798136664, 67.58749180851369, 2908.311498957518, 26572457.03667763, 1229.0504882707535, -0.0012244190195321745, 0.006934046898379328, 0.004449812006670223, 47.85830886868436
43969288.84992575, 28.302445313973948, 68.42268668678304, 2919.32967147606, 26774178.56208109, 1184.902091145489, -0.0011781243772941168, 0.006975570818875899, 0.004449812006670223, 46.036904409320954
44105829.43370878, 28.166936769361417, 69.26273735915198, 2929.9339417294796, 26969042.670392547, 1140.390747848941, -0.0011317711280344706, 0.007016126546053981, 0.004449812006670223, 44.226396383214755
44236998.78831674, 28.036985686237653, 70.10752005673855, 2940.121061534385, 27156906.623650678, 1095.5300926055318, -0.001085355055334889, 0.007055648552092402, 0.004449812006670223, 42.4268388819422
44362756.735396184, 27.912600011017123, 70.95690319418519, 2949.8879104843263, 27337632.483702317, 1050.3338666382392, -0.0010388726139609872, 0.007094071553570087, 0.004449812006670223, 40.638360972841944
44483064.754156485, 27.793788034769864, 71.81074742391039, 2959.2314969055983, 27511087.252947796, 1004.8159139578506, -0.0009923209253398587, 0.007131330720176956, 0.004449812006670223, 38.86118124795056
44597885.993168995, 27.680558314171396, 72.66890571623604, 2968.1489587736096, 27677143.010198753, 958.9901771219128, -0.0009456977711271666, 0.007167361890828901, 0.004449812006670223, 37.095626341576164
44707185.28165517, 27.57291959346424, 73.53122346614427, 2976.6375645895596, 27835677.041490715, 912.8706929668003, -0.000899001584758087, 0.007202101796077696, 0.004449812006670223, 35.342154668372714
44810929.140259564, 27.470880727683316, 74.3975386272729, 2984.6947142171143, 27986571.96569732, 866.4715883051844, -0.0008522314408913945, 0.007235488285609127, 0.004449812006670223, 33.601387094344126
44909085.791304834, 27.374450607406906, 75.26768187359862, 2992.3179396788473, 28129715.854800317, 819.8070755998555, -0.0008053870426680018, 0.007267460559491351, 0.0044498120066702234, 31.874146900973766
45001625.16852566, 27.283638085301572, 76.14147678908883, 2999.5049059122134, 28265002.348675378, 772.8914486115352, -0.0007584687067276321, 0.007297959401769625, 0.004449812006670223, 30.161512332876804
45088518.92627819, 27.198451904736146, 77.01874008541898, 3006.253411484792, 28392330.76425941, 725.7390780185615, -0.0007114773459279321, 0.007326927414870977, 0.004449812006670222, 28.46488635073304
45169740.44822265, 27.118900630742395, 77.89928184766188, 3012.5613892686124, 28511606.19897261, 678.3644070165981, -0.0006644144497450448, 0.007354309253225874, 0.004449812006670223, 26.786090140197967
45245264.85547603, 27.04499258360121, 78.7829058076567, 3018.426907073317, 28622739.62827406, 630.7819468927069, -0.0006172820623450802, 0.007380051854450712, 0.004449812006670223, 25.127489724695984
45315069.01423294, 26.976735775333037, 79.66940964456106, 3023.848168238035, 28725647.99723818, 583.006272583801, -0.0005700827583278487, 0.007404104666380918, 0.004449812006670223, 23.49216907804406
45379131.54285148, 26.914137849365797, 80.55858531188161, 3028.823512181693, 28820254.30604361, 535.0520182078424, -0.0005228196161883149, 0.007426419868220855, 0.004449812006670223, 21.88416894203419
45437432.81840277, 26.857206023649834, 81.4502193900691, 3033.351414911678, 28906487.689276278, 486.9338725849583, -0.0004754961895270753, 0.0074469525840579545, 0.004449812006670223, 20.30881866368653
45489954.98268153, 26.80594703747875, 82.34409346355727, 3037.4304894906436, 28984283.488953054, 438.66657473559616, -0.00042811647609849394, 0.007465661087019979, 0.004449812006670223, 18.773199070451504
45536681.94767631, 26.7603671022655, 83.23998452092026, 3041.0594864613477, 29053583.32118148, 390.26490936778805, -0.00038068488477637093, 0.00748250699235937, 0.0044498120066702234, 17.28678670838964
45577599.400497295, 26.72047185650878, 84.13766537662691, 3044.237294229364, 29114335.136377063, 341.7437023467434, -0.00033320620055660643, 0.007497455437833097, 0.004449812006670223, 15.86233871283851
45612694.807760574, 26.686266325169203, 85.03690511268287, 3046.962939403586, 29166493.272968628, 293.11781615516946, -0.0002856855477262017, 0.007510475249804742, 0.004449812006670223, 14.517067572670166
45641957.41942714, 26.657754883656917, 85.93746953827178, 3049.2355870943725, 29210018.50452811, 244.4021453392788, -0.00023812835134873916, 0.007521539093574073, 0.004449812006670223, 13.2740859371818
45665378.2720957, 26.634941226611662, 86.83912166535039, 3051.054541169284, 29244878.080270417, 195.6116119468329, -0.00019054029723755144, 0.007530623606624351, 0.004449812006670223, 12.163887566017358
45682950.19174843, 26.61782834163456, 87.74162219800137, 3052.4192444663277, 29271045.758876123, 146.76116095827757, -0.00014292729059882622, 0.00753770951352725, 0.004449812006670223, 11.225139212711492
45694667.79594821, 26.606418488107167, 88.64473003322438, 3053.3292789646016, 29288501.835596588, 97.865755705371, -9.529541354259198e-05, 0.0075427817214752885, 0.004449812006670223, 10.5032483300447
45700527.49548744, 26.600713181207556, 89.54820277073541, 3053.7843659123514, 29297233.162611052, 48.94037329099408, -4.7650881677005906e-05, 0.00754582939551919, 0.004449812006670223, 10.044584239020304
45700527.49548744, 26.600713181207556, 90.45179722926453, 3053.7843659123514, 29297233.162611052, 0.0, 0.0, 0.007546846012842671, 0.004449812006670223, 9.885552557253725
45694667.79594821, 26.606418488107167, 91.35526996677557, 3053.3292789646016, 29288501.835596588, -48.94037329099408, 4.7650881677005906e-05, 0.00754582939551919, 0.004449812006670223, 10.040302576148948
45682950.19174843, 26.61782834163456, 92.25837780199855, 3052.4192444663277, 29271045.758876123, -97.865755705371, 9.529541354259198e-05, 0.007542781721475051, 0.004449812006670223, 10.495057437340847
45665378.2720957, 26.634941226611662, 93.16087833464958, 3051.054541169284, 29244878.080270417, -146.76116095827757, 0.00014292729059882622, 0.007537709513527725, 0.004449812006670223, 11.21364144380014
45641957.41942714, 26.657754883656917, 94.06253046172812, 3049.2355870943725, 29210018.50452811, -195.6116119468329, 0.00019054029723755144, 0.0075306236066237575, 0.004449812006670223, 12.149739068701635
45612694.8077606, 26.686266325169203, 94.96309488731701, 3046.9629394035874, 29166493.272968654, -244.40214533909213, 0.00023812835134873916, 0.007521539093573954, 0.004449812006670222, 13.25787860328006
45577599.400497295, 26.72047185650878, 95.862334623373, 3044.237294229364, 29114335.136377063, -293.11781615535614, 0.0002856855477262017, 0.007510475249804979, 0.004449812006670223, 14.499283436884399
45536681.94767631, 26.7603671022655, 96.76001547907977, 3041.0594864613477, 29053583.32118148, -341.7437023467434, 0.00033320620055660643, 0.007497455437834046, 0.0044498120066702234, 15.84334976539319
45489954.98268155, 26.80594703747875, 97.65590653644264, 3037.4304894906454, 28984283.48895309, -390.2649093676013, 0.00038068488477637093, 0.007482506992358421, 0.004449812006670223, 17.266872910252403
45437432.81840277, 26.857206023649834, 98.54978060993082, 3033.351414911678, 28906487.689276278, -438.66657473578283, 0.00042811647609849394, 0.007465661087019979, 0.004449812006670223, 18.752569433528738
45379131.54285148, 26.914137849365797, 99.4414146881183, 3028.823512181693, 28820254.30604361, -486.9338725849583, 0.0004754961895270753, 0.0074469525840579545, 0.004449812006670223, 20.28762951502224
45315069.01423294, 26.976735775333037, 100.33059035543891, 3023.848168238035, 28725647.99723818, -535.0520182078424, 0.0005228196161883149, 0.007426419868221329, 0.004449812006670223, 21.862538066721015
45245264.85547603, 27.04499258360121, 101.21709419234325, 3018.426907073317, 28622739.62827406, -583.006272583801, 0.0005700827583278487, 0.007404104666380799, 0.004449812006670223, 23.47018614070697
45169740.448222645, 27.118900630742367, 102.10071815233803, 3012.5613892686115, 28511606.198972594, -630.781946892769, 0.0006172820623448429, 0.007380051854450356, 0.004449812006670223, 25.105223789155346
45088518.92627818, 27.19845190473613, 102.98125991458092, 3006.253411484792, 28392330.76425941, -678.3644070165981, 0.0006644144497451634, 0.007354309253225755, 0.004449812006670223, 26.763595060460453
45001625.16852568, 27.283638085301558, 103.85852321091104, 2999.5049059122152, 28265002.348675415, -725.7390780183126, 0.0007114773459279321, 0.00732692741487074, 0.004449812006670223, 28.44220464206982
44909085.791304834, 27.374450607406906, 104.73231812640128, 2992.3179396788473, 28129715.854800317, -772.8914486117219, 0.0007584687067277507, 0.007297959401769863, 0.0044498120066702234, 30.138677968804387
44810929.140259564, 27.470880727683316, 105.60246137272696, 2984.6947142171143, 27986571.96569732, -819.8070755998555, 0.0008053870426680018, 0.007267460559490995, 0.004449812006670223, 31.851187350542922
44707185.281655185, 27.57291959346421, 106.46877653385559, 2976.6375645895605, 27835677.041490734, -866.4715883050599, 0.0008522314408911572, 0.007235488285609127, 0.004449812006670222, 33.578324821103514
44597885.99316902, 27.68055831417138, 107.33109428376387, 2968.1489587736114, 27677143.010198783, -912.8706929667381, 0.000899001584758176, 0.00720210179607817, 0.004449812006670223, 35.31900824414349
44483064.754156485, 27.793788034769836, 108.18925257608953, 2959.2314969055983, 27511087.252947796, -958.9901771220995, 0.0009456977711270776, 0.007167361890828901, 0.004449812006670223, 37.072411282931704
44362756.73539619, 27.9126000110171, 109.04309680581467, 2949.8879104843268, 27337632.48370233, -1004.8159139577883, 0.0009923209253399178, 0.007131330720176482, 0.004449812006670223, 38.83791065052245
44236998.788316734, 28.036985686237625, 109.89247994326139, 2940.1210615343844, 27156906.623650666, -1050.3338666383638, 0.0010388726139609278, 0.007094071553570799, 0.004449812006670223, 40.61504599715297
44105829.43370875, 28.166936769361403, 110.73726264084803, 2929.9339417294773, 26969042.670392506, -1095.5300926057184, 0.0010853550553350077, 0.007055648552092995, 0.004449812006670223, 42.40348912934782
43969288.849925764, 28.302445313973923, 111.5773133132169, 2919.3296714760613, 26774178.562081113, -1140.3907478485676, 0.0011317711280343817, 0.0070161265460533875, 0.004449812006670223, 44.20302018882676
43827418.860577025, 28.443503798136653, 112.41250819148621, 2908.3114989575197, 26572457.036677662, -1184.9020911454268, 0.0011781243772942354, 0.006975570818875542, 0.004449812006670223, 46.01350907309288
43680262.9217167, 28.59010520474866, 113.24273135251195, 2896.8827991392277, 26364025.486482266, -1229.0504882710022, 0.0012244190195322042, 0.006934046898379565, 0.004449812006670223, 47.83490083829593
43527866.10853291, 28.742243102234003, 114.06787472416171, 2885.047072734771, 26149035.80811035, -1272.8224161734577, 0.0012706599450692981, 0.006891620356432168, 0.004449812006670223, 49.66720415930916
43370275.101540655, 28.899911725353746, 114.88783806770365, 2872.8079451336325, 25927644.248088684, -1316.2044671183269, 0.0013168527191706897, 0.006848356617812612, 0.004449812006670223, 51.51048215286364
43207538.17228327, 29.063106055957004, 115.70252893850024, 2860.1691652907166, 25700011.24425137, -1359.183352792539, 0.0013630035815365073, 0.006804320779012848, 0.004449812006670223, 53.364845046689624
43039705.16854636, 29.231821903501434, 116.51186262626838, 2847.1346045780024, 25466301.263119012, -1401.7459083769565, 0.0014091194443763054, 0.006759577437576204, 0.004449812006670222, 55.23044430009089
42866827.499089025, 29.40605598519028, 117.3157620762239, 2833.7082555987126, 25226682.63345069, -1443.8790965777198, 0.0014552078892064388, 0.006714190532442029, 0.004449812006670223, 57.1074678763735
42688958.117896795, 29.585806005589074, 118.11415779247085, 2819.894230964336, 24981327.37616139, -1485.5700116205635, 0.0015012771625040981, 0.006668223195654736, 0.004449812006670223, 58.996136435576574
42506151.5079615, 29.77107073560317, 118.906987725026, 2805.6967620349096, 24730411.030802723, -1526.8058832025727, 0.001547336170369194, 0.00662173761568435, 0.004449812006670223, 60.896700269161634
42318463.664592505, 29.961850090713163, 119.69419714188317, 2791.120197622903, 24474112.478807524, -1567.574080405542, 0.0015933944723258292, 0.006574794912478202, 0.004449812006670222, 62.80943683689948
42125952.0782649, 30.15814520838252, 120.47573848752975, 2776.169002661145, 24212613.7637036, -1607.8621155639732, 0.0016394622744089643, 0.006527455024310122, 0.004449812006670223, 64.73464879626985
41928675.71700967, 30.359958524567695, 121.25157122931567, 2760.847756835172, 23946099.908504665, -1647.6576480898846, 0.0016855504216680217, 0.006479776606322795, 0.004449812006670223, 66.67266243852258
41726695.0083512, 30.567293849277316, 122.02166169306322, 2745.1611531804288, 23674758.730489764, -1686.9484882539389, 0.0017316703902249889, 0.006431816940668092, 0.004449812006670223, 68.62382646240087
41520071.82079778, 30.780156441142694, 122.78598288927697, 2729.1139966447486, 23398780.653585464, -1725.7226009184678, 0.0017778342790166878, 0.006383631857997917, 0.0044498120066702234, 70.58851103161355
41308869.44489088, 30.9985530809756, 123.54451433127902, 2712.7112026165637, 23118358.51856786, -1763.9681092228932, 0.0018240548013366397, 0.006335275670025094, 0.004449812006670222, 72.56710707113824
41093152.573818386, 31.222492144305168, 124.29724184655511, 2695.957795419259, 22833687.391302865, -1801.673298225402, 0.0018703452763085015, 0.006286801112819482, 0.004449812006670222, 74.56002576901187
40872987.28359883, 31.45198367289753, 125.04415738254787, 2678.8589067721987, 22544964.369247347, -1838.8266184860045, 0.0019167196203900097, 0.006238259300431021, 0.004449812006670223, 76.56769825403309
40648441.01284145, 31.687039445275897, 125.78525880808337, 2661.419774218814, 22252388.386432774, -1875.4166896093898, 0.001963192339024482, 0.006189699688418836, 0.004449812006670223, 78.59057542705494
40419582.5420893, 31.927673046269266, 126.52054971155808, 2643.645739522313, 21956160.017157428, -1911.4323037268655, 0.0020097785185280376, 0.006141170046793484, 0.004449812006670223, 80.62912792800596
40186481.97275102, 32.17389993563021, 127.25003919695726, 2625.5422470294366, 21656481.27861201, -1946.8624289324948, 0.0020564938183144275, 0.006092716441906013, 0.0044498120066702234, 82.68384622324119
39949210.705628306, 32.425737515771395, 127.97374167871037, 2607.1148420028194, 21353555.43266665, -1981.6962126594333, 0.0021033544635347193, 0.0060443832267335846, 0.004449812006670222, 84.75524080162273
39707841.419045046, 32.68320519868044, 128.69167667632888, 2588.3691689224174, 21047586.78704618, -2015.9229850067336, 0.0021503772382147276, 0.005996213039063168, 0.004449812006670223, 86.84384247010026
39462448.04658537, 32.94632447208063, 129.40386860970574, 2569.3109697565524, 20738780.49612245, -2049.5322620060383, 0.002197579478956407, 0.005948246807016774, 0.004449812006670222, 88.9502027411598
39213105.75444716, 33.21511896491326, 130.1103465958926, 2549.9460822031037, 20427342.361552045, -2082.513748833138, 0.00224497906927194, 0.005900523761394446, 0.004449812006670223, 91.07489430616096
38959890.91841784, 33.4896145122233, 130.8111442481066, 2530.2804379013546, 20113478.632987227, -2114.857342962469, 0.0022925944346006517, 0.0058530814542952095, 0.004449812006670223, 93.21851159049623
38702881.10047995, 33.76983921953723, 131.50629947765668, 2510.3200606150945, 19797395.80908899, -2146.5531372595055, 0.0023404445380671066, 0.005805955783501347, 0.0044498120066702234, 95.38167138718386
38442155.02505309, 34.05582352682584, 132.1958542994171, 2490.0710643874722, 19479300.439068504, -2177.591423017709, 0.0023885488770149037, 0.0057591810221038755, 0.004449812006670223, 97.56501356668232
38177792.55487996, 34.34760027215028, 132.87985464141715, 2469.539651668217, 19159398.924984254, -2207.9626929308233, 0.002436927480361502, 0.005712789852882614, 0.004449812006670223, 99.76920186163859
37909874.666563764, 34.64520475509285, 133.5583501590592, 2448.732111413775, 18837897.325019725, -2237.6576440051176, 0.0024856009067997795, 0.0056668134069609594, 0.004449812006670223, 101.9949247260819
37638483.425764136, 34.948674800077434, 134.23139405442225, 2427.65481716093, 18515001.157965243, -2266.6671804109, 0.0025345902438768846, 0.005621281306281046, 0.004449812006670223, 104.24289626924887
37363701.96205996, 35.25805081968637, 134.8990429010562, 2406.314225074554, 18190915.20912684, -2294.9824162651403, 0.002583917107963969, 0.005576221709460604, 0.004449812006670223, 106.51385726471221
37085614.44348582, 35.57337587808322, 135.56135647462364, 2384.7168719700076, 17865843.337881256, -2322.5946783569716, 0.0026336036451411987, 0.005531661360634617, 0.004449812006670223, 108.8085762365214
36804306.05075069, 35.894695754650854, 136.2183975896997, 2362.8693733108644, 17539988.28709577, -2349.4955088017537, 0.002683672532995538, 0.00548762564088441, 0.004449812006670223, 111.12785062384823
36519862.951146245, 36.22205900795648, 136.87023194299826, 2340.778421182529, 17213551.494627737, -2375.676667633343, 0.0027341469833517995, 0.005444138621913298, 0.004449812006670223, 113.47250802712293
36232372.27215309, 36.555517040153816, 137.51692796325278, 2318.4507822423957, 16886732.90711666, -2401.130135327232, 0.002785050745923468, 0.0054012231216243435, 0.004449812006670223, 115.84340753833386
35941922.07475286, 36.895124161933126, 138.15855666794417, 2295.893295647162, 16559730.79627839, -2425.8481152567256, 0.002836408112888597, 0.005358900761308257, 0.004449812006670223, 118.2414411588976
35648601.32645422, 37.2409376581287, 138.79519152703512, 2273.1128709579234, 16232741.577907342, -2449.8230360830385, 0.002888243924380677, 0.005317192024161098, 0.004449812006670223, 120.66753530945705
35352499.87404147, 37.59301785409154, 139.4269083338402, 2250.1164860237236, 15905959.633790271, -2473.0475540716475, 0.0029405835748797103, 0.005276116314882284, 0.004449812006670222, 123.1226524356948
35053708.41605359, 37.95142818293409, 140.0537850831351, 2226.911184844175, 15579577.136729915, -2495.514555343622, 0.002993453020495526, 0.005235692020135951, 0.004449812006670223, 125.60779271546834
34752318.475002445, 38.316235253750406, 140.675901856584, 2203.5040754118086, 15253783.878873765, -2517.2171580548247, 0.0030468787871149225, 0.005195936569673165, 0.004449812006670223, 128.12399587248325
34448422.36933865, 38.687508920913025, 141.29334071554456, 2179.9023275348436, 14928767.103539033, -2538.1487145025035, 0.0031008879793937003, 0.005156866497948375, 0.004449812006670223, 130.67234310293995
34142113.18517361, 39.065322354544314, 141.90618560129124, 2156.113170641007, 14604711.340719735, -2558.302813162426, 0.0031555082905666398, 0.005118497506079331, 0.004449812006670222, 133.2539591214476
33833484.74776638, 39.44975211225652, 142.51452224268516, 2132.1438915630924, 14281798.246457689, -2577.673280652969, 0.0032107680130432662, 0.0050808445240391855, 0.004449812006670222, 135.87001433387036
33522631.592784114, 39.840878212250246, 143.11843807130418, 2108.001832306936, 13960206.446254216, -2596.2541836260216, 0.003266696049753671, 0.005043921772965593, 0.004449812006670222, 138.52172714453044
33209648.937345, 40.23878420785627, 143.71802214404005, 2083.694387802501, 13640111.382694263, -2614.0398305834374, 0.003323321926203206, 0.005007742827525146, 0.004449812006670223, 141.2103664068811
32894632.650852393, 40.64355726360093, 144.3133650731618, 2059.229003638738, 13321685.167449018, -2631.0247736215492, 0.003380675803197535, 0.004972320678272331, 0.004449812006670222, 143.93725402656895
32577679.225629125, 41.05528823286852, 144.9045589638406, 2034.6131737829392, 13005096.437818049, -2647.2038100994873, 0.00343878849018066, 0.004937667793966954, 0.004449812006670223, 146.70376772735375
32258885.74736105, 41.47407173722867, 145.49169735912992, 2009.8544382852633, 12690510.217965942, -2662.5719842328554, 0.0034976914591412873, 0.004903796183842188, 0.004449812006670223, 149.51134399067644
31938349.8653588, 41.900006247488434, 146.0748751923959, 1984.960380969152, 12378087.78500277, -2677.1245886118327, 0.0035574168590172183, 0.0048707174598279935, 0.0044498120066702234, 152.36148118089974
31616169.762646984, 42.333194166522325, 146.6541887471951, 1959.93862710834, 12067986.540051542, -2690.857165642485, 0.003617997530545061, 0.004838442898752227, 0.004449812006670223, 155.25574286895238
31292444.12588978, 42.773741913923146, 147.22973562460285, 1934.7968410911603, 11760359.88443943, -2703.7655089131254, 0.003679467021467555, 0.004806983504568332, 0.004449812006670223, 158.1957613689488
30967272.11516239, 43.22176001250889, 147.80161471800278, 1909.542724072879, 11455357.101143518, -2715.845664481767, 0.0037418596020354195, 0.004776350070670865, 0.004449812006670223, 161.18324150190412
30640753.333577327, 43.67736317670873, 148.3699261953575, 1884.1840116167543, 11153123.241614824, -2727.093932088441, 0.0038052102807017243, 0.004746553242379083, 0.004449812006670223, 164.2199646046022
30312987.79677517, 44.14067040284072, 148.93477148899228, 1858.7284713245704, 10853799.01809819, -2737.506866287299, 0.0038695548199211725, 0.004717603579685203, 0.004449812006670223, 167.30779279976866
29984075.90228878, 44.61180506128099, 149.4962532929383, 1833.1839004573453, 10557520.701558204, -2747.0812775033914, 0.0039349297519484395, 0.004689511620391507, 0.004449812006670223, 170.44867354801704
29654118.39879081, 45.09089499050946, 150.05447556789665, 1807.558123546972, 10264420.025315033, -2755.814233007429, 0.004001372394510406, 0.004662287943760869, 0.004449812006670223, 173.64464450297675
29323216.355233237, 45.578072593003114, 150.609543553905, 1781.8589899994747, 9974624.094486043, -2763.7030578176145, 0.0040689208662372635, 0.004635943234847641, 0.004449812006670223, 176.89783869100376
28991471.129889216, 46.07347493292923, 151.1615637908062, 1756.0943716906816, 9688255.301323185, -2770.7453355154144, 0.004137614101695909, 0.004610488349660523, 0.004449812006670223, 180.21049004216206
28658984.339306053, 46.57724383557407, 151.71064414664443, 1730.27216055499, 9405431.246527487, -2776.938908987961, 0.0042074918658842895, 0.004585934381374195, 0.004449812006670223, 183.58493929810064
28325857.82717919, 47.089525988420036, 152.25689385413722, 1704.4002661680017, 9126264.66661558, -2782.2818810876984, 0.004278594767999506, 0.004562292727778632, 0.004449812006670223, 187.0236403274783
27992193.63315649, 47.61047304376375, 152.80042355540212, 1678.486613323741, 8850863.367405105, -2786.7726152145783, 0.0043509642743079615, 0.0045395751602215345, 0.004449812006670223, 190.52916688025144
27658093.961582646, 48.14024172273997, 153.34134535514374, 1652.5391396072262, 8579330.163678896, -2790.409735816093, 0.004424642719886532, 0.004517793894270806, 0.004449812006670222, 194.10421981627312
27323661.150193036, 48.678993920591, 153.87977288254507, 1626.5657929631125, 8311762.825079503, -2793.1921288095473, 0.004499673319024934, 0.004496961662412082, 0.004449812006670223, 197.7516348464459
26988997.638766736, 49.22689681298922, 154.41582136213967, 1600.574529261163, 8048254.028278593, -2795.1189419231296, 0.004576100174022091, 0.004477091789057849, 0.004449812006670223, 201.47439082806616
26654205.93774836, 49.784122963187166, 154.94960769398327, 1574.5733098593012, 7788891.315457759, -2796.1895849563, 0.004653968282096945, 0.004458198268215696, 0.004449812006670223, 205.27561865990316
26319388.596848138, 50.35085042973302, 155.48125054348688, 1548.5700991649687, 7533757.059129375, -2796.403729961593, 0.004733323540111353, 0.004440295844181938, 0.004449812006670223, 209.15861082773608
25984648.173630025, 50.92726287444772, 156.01087044132026, 1522.5728621955595, 7282928.433318731, -2795.761311344392, 0.004814212746754976, 0.004423400095649483, 0.004449812006670223, 213.12683165350637
25650087.20209734, 51.51354967031535, 156.5385898938471, 1496.5895621386564, 7036477.391120477, -2794.262525883845, 0.0048966836018210945, 0.004407527523668816, 0.004449812006670223, 217.18392830963785
25315808.161285844, 52.109906008888714, 157.06453350460973, 1470.628157912849, 6794470.648635082, -2791.9078326705367, 0.00498078470215723, 0.004392695643934278, 0.004449812006670223, 221.33374266333783
24981913.443873316, 52.716533006757835, 157.5888281074439, 1444.696601729832, 6556969.675282455, -2788.6979529686614, 0.005066565533838752, 0.004378923083918558, 0.0044498120066702234, 225.58032402313296
24648505.32481581, 53.33363781056741, 158.11160291187065, 1418.8028366585747, 6324030.690482923, -2784.6338699934004, 0.0051540764600498, 0.004366229685410889, 0.004449812006670223, 229.92794286706226
24315685.93001993, 53.96143370000505, 158.6329896614872, 1392.9547941922901, 6095704.666687454, -2779.7168286098654, 0.00524336870413514, 0.004354636613086091, 0.004449812006670222, 234.38110564000874
23983557.205060802, 54.60014018810757, 159.1531228061614, 1367.16039181895, 5872037.338731349, -2773.948334951584, 0.005334494327200323, 0.004344166469791907, 0.004449812006670223, 238.9445707156682
23652220.88395508, 55.249983118153274, 159.67213968892136, 1341.4275305960764, 5653069.219477858, -2767.330155960793, 0.0054275061995983165, 0.004334843419282443, 0.004449812006670223, 243.62336562949216
23321778.457999066, 55.911194756319375, 160.1901807485323, 1315.7640927305893, 5438835.6217109235, -2759.8643188446013, 0.00552245796555893, 0.004326693317240642, 0.0044498120066702234, 248.4228056994495
22992331.144680876, 56.58401387918773, 160.7073897388603, 1290.1779391644047, 5229366.686227903, -2751.553110456575, 0.0056194040001626925, 0.004319743851480679, 0.004449812006670223, 253.34851416357674
22663979.856676687, 57.2686858550744, 161.22391396624158, 1264.6769071665647, 5024687.416076348, -2742.39907659453, 0.005718399357756759, 0.004314024692332243, 0.004449812006670223, 258.4064439765883
22336825.170940284, 57.96546271804297, 161.73990454620937, 1239.26880793261, 4824817.7168708965, -2732.405021221165, 0.005819499710849484, 0.00430956765431385, 0.004449812006670223, 263.6029014252082
22010967.29789539, 58.674603233332626, 162.25551668107448, 1213.9614241919378, 4629772.443119184, -2721.574005605758, 0.005922761278406503, 0.004306406870305819, 0.004449812006670223, 268.9445717346681
21686506.050740365, 59.39637295279181, 162.77090996001942, 1188.7625078238866, 4439561.450478437, -2709.90934738559, 0.006028240742376796, 0.004304578979582377, 0.004449812006670223, 274.43854686411134
21363540.8148744, 60.131044258754315, 163.28624868354427, 1163.6797774832557, 4254189.653856995, -2697.4146195511707, 0.006135995151163742, 0.004304123331198615, 0.0044498120066702234, 280.09235570386136
21042170.517455097, 60.87889639462553, 163.8017022143018, 1138.720916236028, 4073657.0912683457, -2684.0936493489803, 0.006246081808627752, 0.0043050822043944345, 0.004449812006670222, 285.9139969168837
20722493.597095996, 61.64021548026331, 164.3174453565823, 1113.8935692059642, 3897958.993337686, -2669.9505171126225, 0.006358558147090925, 0.004307501047877703, 0.004449812006670223, 291.91197469104395
20404607.97371398, 62.415294510034286, 164.8336587669558, 1089.2053412328346, 3727085.858354811, -2654.9895550109622, 0.006473481582641434, 0.004311428740050881, 0.004449812006670223, 298.0953377008618
20088611.018535603, 63.20443333120675, 165.35052939885327, 1064.663794542995, 3561023.532760166, -2639.2153457208447, 0.006590909350904233, 0.004316917872471822, 0.004449812006670223, 304.4737216128654
19774599.524271317, 64.00793860010056, 165.86825098418177, 1040.2764464330007, 3399753.296944189, -2622.632721024863, 0.006710898321267135, 0.0043240250591611, 0.004449812006670223, 311.05739550545184
19462669.675467078, 64.82612371314927, 166.38702455540866, 1016.0507669669989, 3243251.956234081, -2605.2467603297528, 0.006833504787346995, 0.004332811274600846, 0.004449812006670223, 317.8573126227095
19152917.019042064, 65.65930870974526, 166.90705901194215, 991.9941766885728, 3091491.93693548, -2587.0627891120753, 0.006958784231320272, 0.004343342223699747, 0.004449812006670223, 324.88516592894484
18845436.43502186, 66.50782014342215, 167.42857173506732, 968.1140443477678, 2944441.3872908456, -2568.0863772856496, 0.007086791059475645, 0.0043556887473287925, 0.004449812006670223, 332.15344898954436
18540322.10747581, 67.37199091758961, 167.9517892561877, 944.417684643974, 2802064.28321014, -2548.3233374962997, 0.007217578306154196, 0.0043699272675315915, 0.004449812006670223, 339.67552277038266
18237667.49566766, 68.25216008166237, 168.47694798367357, 920.9123559853728, 2664320.538623964, -2527.779723340566, 0.007351197302960786, 0.004386140277008453, 0.004449812006670223, 347.46568901911814
17937565.305428047, 69.14867258302108, 169.00429499423853, 897.605258265614, 2531166.120303517, -2506.4618275126318, 0.007487697309870818, 0.004404416878059563, 0.004449812006670223, 355.53927098265103
17640107.46075792, 70.06187896980065, 169.5340888954698, 874.503530658428, 2402553.166986743, -2484.3761798758333, 0.007627125104539096, 0.004424853376861175, 0.004449812006670223, 363.9127023051875
17345385.075671393, 70.99213503902337, 170.06660076693052, 851.6142494308322, 2278430.112644649, -2461.529545462636, 0.007769524525819119, 0.004447553939702682, 0.0044498120066702234, 372.6036250708769
17053488.426286742, 71.93980142407169, 170.60211518815404, 828.944425775609, 2158741.8137170193, -2437.928922402433, 0.007914935967125041, 0.004472631318710432, 0.004449812006670223, 381.63099807595523
16764506.92317391, 72.90524311493009, 171.14093136287048, 806.5010036637085, 2043429.6801419663, -2413.581539778878, 0.008063395814918045, 0.004500207655581606, 0.004449812006670223, 391.0152165674173
16478529.083967337, 73.88882890400654, 171.6833643499681, 784.290857717252, 1932431.8099994543, -2388.494855414109, 0.00821493582714486, 0.004530415373037683, 0.004449812006670223, 400.77824485314704
16195642.506252194, 74.89093074967735, 172.22974641301377, 762.320791103774, 1825683.127584483, -2362.676553585188, 0.008369582446060729, 0.004563398165032256, 0.004449812006670223, 410.9437633831955
15915933.840732398, 75.91192304896755, 172.78042850166412, 740.5975334523453, 1723115.524721733, -2336.1345426706225, 0.008527356039327739, 0.004599312098305491, 0.004449812006670223, 421.53733213061025
15639488.764688842, 76.95218180998812, 173.33578188002042, 719.1277387922369, 1624658.0051297517, -2308.8769527265495, 0.008688270062780359, 0.004638326839663682, 0.004449812006670223, 432.5865723580546
15366391.955735547, 78.01208371388745, 173.89619991895015, 697.917983514721, 1530236.8316389993, -2280.9121329984587, 0.00885233013764581, 0.004680627025431939, 0.004449812006670223, 444.12136916563026
15096727.065882213, 79.0920050551333, 174.46210007165368, 676.9747643586683, 1439775.6760651069, -2252.2486493621204, 0.009019533034356654, 0.004726413791923586, 0.004449812006670222, 456.1740975629404
14830576.695910817, 80.192320547914, 175.03392605434323, 656.3044964205357, 1353195.7715353777, -2222.8952817006666, 0.009189865554375194, 0.004775906488542726, 0.004449812006670223, 468.7798752248935
14568022.370074334, 81.31340198532452, 175.61215025687886, 635.9135111893704, 1270416.067063977, -2192.8610212142185, 0.009363303300648723, 0.004829344598392759, 0.004449812006670223, 481.9768455666587
14309144.511125017, 82.45561673677015, 176.19727641162933, 615.8080546074104, 1191353.384168545, -2162.1550676673946, 0.00953980932639799, 0.004886989894976503, 0.004449812006670223, 495.8064953379624
14054022.415680245, 83.61932606766423, 176.789842552778, 595.9942851569, 1115922.575318908, -2130.7868265699567, 0.0097193326509127, 0.004949128868002337, 0.004449812006670223, 510.31401159406613
13802734.229933247, 84.80488326400078, 177.3904243028533, 576.4782719736911, 1044036.6840063798, -2098.765906296331, 0.009901806629861183, 0.00501607545637218, 0.004449812006670223, 525.5486836716594
13555356.925716203, 86.01263154272291, 177.999638528542, 557.2659929882108, 975607.1062204742, -2066.1021151426394, 0.010087147166250664, 0.005088174132442059, 0.004449812006670222, 541.5643567111954
13311966.276923137, 87.24290172695791, 178.6181474139502, 538.3633330943723, 910543.7531184078, -2032.805458321609, 0.010275250746586945, 0.005165803388556609, 0.004449812006670223, 558.4199443344803
13072636.836299593, 88.4960096631195, 179.24666300657174, 519.7760823469705, 848755.2146714393, -1998.8861348992732, 0.010465992284942566, 0.005249379685115109, 0.004449812006670223, 576.1800093573305
12837441.912606552, 89.77225335453697, 179.88595229945034, 501.50993418814477, 790148.9240713537, -1964.3545346692374, 0.01065922275538089, 0.005339361928876233, 0.004449812006670223, 594.9154229136153
12606453.548165219, 91.07190978362057, -179.46315707739373, 483.57048370341863, 734631.3226794968, -1929.2212349717063, 0.010854766590601965, -3.001293741590407, 0.004449812006670222, 614.7041141468101
12379742.496789914, 92.39523139153327, -178.7997704720575, 465.96322590788395, 682108.0253005921, -1893.4969974519454, 0.011052418821427249, 0.005540623351768422, 0.004449812006670223, 635.6319247386323
12157378.202115428, 93.7424421808415, -178.1229190351535, 448.69355406301855, 632483.9855632329, -1857.1927647657742, 0.011251941927908352, 0.005653081998976447, 0.004449812006670222, 657.7935850600107
11939428.77632589, 95.11373340254916, -177.43155164113702, 431.7667580246886, 585663.6611893056, -1820.3196572260968, 0.011453062368085793, 0.005774319675926388, 0.004449812006670223, 681.2938317324612
11725960.979291353, 96.50925878416109, -176.72452577649108, 415.18802262281406, 541551.1789348267, -1782.8889693976596, 0.011655466744652938, 0.005905099657500781, 0.004449812006670223, 706.2486899673779
11517040.198118664, 97.92912924980321, -176.00059724403857, 398.9624260732109, 500050.4989855001, -1744.9121666368478, 0.011858797562600424, 0.006046271208452968, 0.004449812006670222, 732.7869483455911
11312730.427122824, 99.3734070767542, -175.25840850853527, 383.09493842208946, 461065.57859118754, -1706.4008815798625, 0.012062648522109108, 0.006198780931467381, 0.004449812006670223, 761.0518588216836
11113094.248224905, 100.84209942475776, -174.4964754805614, 367.59042002368005, 424500.53472472506, -1667.3669105800127, 0.012266559279995924, 0.006363685810532732, 0.004449812006670222, 791.2031008963412
10918192.811782675, 102.33515116487308, -173.71317250295036, 352.4536200514659, 390259.8055520556, -1627.822210093778, 0.012470009599438095, 0.006542168223402436, 0.004449812006670223, 823.4190562630264
10728085.817859683, 103.8524369229936, -172.90671526587607, 337.6891750434672, 358248.3105023471, -1587.7788930187535, 0.012672412790860309, 0.006735553241494431, 0.004449812006670223, 857.899449068409
10542831.49793862, 105.39375223902634, -172.0751413325434, 323.30160748203014, 328371.60872883804, -1547.2492249830582, 0.012873108325907491, 0.006945328586201489, 0.004449812006670223, 894.8684174944038
10362486.597084442, 106.95880372548098, -171.21628790645855, 309.29532440854626, 300536.0557533929, -1506.2456205888811, 0.013071353480487406, 0.007173167667291513, 0.004449812006670222, 934.5780949802282
10187106.356562898, 108.54719808812027, -170.3277664128456, 295.6746160735397, 274648.9580903472, -1464.7806396089832, 0.013266313830675058, 0.0074209561912468285, 0.004449812006670223, 977.31279443231
10016744.49691958, 110.15842984547191, -169.40693340045848, 282.44365462252097, 250618.7256479509, -1422.8669831403254, 0.013457052385567481, 0.007690822893424854, 0.004449812006670223, 1023.3939065197807
9851453.201524898, 111.79186755229038, -168.45085719576065, 269.60649281802563, 228355.02170883433, -1380.517489712737, 0.013642517092232324, 0.007985175014400719, 0.004449812006670222, 1073.1856440113825
9691283.100589797, 113.44673829317901, -167.45627965986552, 257.16706279821346, 207768.91029414738, -1337.7451313572135, 0.013821526388038304, 0.008306739201844309, 0.004449812006670222, 1127.1017882557599
9536283.255657269, 115.12211016497552, -166.4195723116765, 245.12917487241913, 188773.0007196142, -1294.5630096320403, 0.013992752402751604, 0.0086586085641792, 0.004449812006670223, 1185.6136213655047
9386501.1445744, 116.81687240839429, -165.33668599229298, 233.49651635402302, 171281.5891554954, -1250.9843516094172, 0.014154701325062538, 0.009044296614107631, 0.0044498120066702234, 1249.2592579691307
9241982.646949423, 118.52971277881076, -164.2030931632577, 222.2726504309897, 155210.79700644498, -1207.022505824638, 0.014305690343824782, 0.009467798790973113, 0.004449812006670223, 1318.654622224996
9102772.030098446, 120.25909166088796, -163.01372186713672, 211.4610150744366, 140478.7059315287, -1162.6909381863152, 0.014443820452533375, 0.009933662097188422, 0.004449812006670223, 1394.5063463853546
8968911.935485912, 122.00321233002252, -161.76288035394202, 201.06492198554773, 127005.48932907464, -1118.0032278526753, 0.014566944267454859, 0.010447063057378598, 0.004449812006670223, 1477.6268911263342
8840443.36566317, 123.75998664389671, -160.444171424307, 191.087555581172, 114713.54011576071, -1072.9730630714357, 0.014672627859745414, 0.011013893604345786, 0.004449812006670223, 1568.9521954634622
8717405.671709018, 125.52699530964784, -159.05039571248258, 181.5319720184077, 103527.59463419416, -1027.6142369871993, 0.01475810545085668, 0.01164085345399466, 0.004449812006670223, 1669.5621383026757
8599836.541176122, 127.30144171877356, -157.5734435102257, 172.4010982584748, 93374.852528353, -981.9406434163952, 0.014820225690086982, 0.012335545812117687, 0.004449812006670223, 1780.7040056069961
8487771.986546954, 129.08009818016183, -156.00417543997386, 163.69773117015797, 84185.092431546, -935.9662725918251, 0.014855388163508086, 0.01310657050546732, 0.004449812006670222, 1903.8189582360699
8381246.33420287, 130.8592432272269, -154.33229350728746, 155.42453667310266, 75890.78331704915, -889.7052068768471, 0.014859468844650083, 0.013963604334379123, 0.004449812006670223, 2040.571105670923
8280292.213909619, 132.63458855786226, -152.54620606996582, 147.58404892121922, 68427.19136723434, -843.1716164521109, 0.014827733507500964, 0.01491745188088148, 0.004449812006670223, 2192.878079849444
8184940.548822552, 134.40119413864826, -150.63289344343062, 140.17866952644857, 61732.482222872044, -796.379754975061, 0.014754738874033191, 0.015980040194573077, 0.004449812006670223, 2362.940762862502
8095220.546014591, 136.15337015680544, -148.57778575671577, 133.2106668231276, 55747.81848031066, -749.3439552138163, 0.01463422276621006, 0.017164316475217257, 0.004449812006670223, 2553.2677261336235
8011159.687529832, 137.88456497967755, -146.36467198633719, 126.6821751731774, 50417.45231042352, -702.0786246570319, 0.014458987240485964, 0.018483987674223542, 0.004449812006670223, 2766.686491333111
7932783.7219655365, 139.5872393078004, -143.9756696745908, 120.59519431232809, 45688.81307956295, -654.598241100813, 0.014220783276250478, 0.019953013656617405, 0.004449812006670223, 3006.3282067826945
7860116.656585122, 141.25272861933124, -141.3912995407486, 114.9515887375833, 41512.58985925702, -606.9173482137793, 0.01391021298494793, 0.021584731132642476, 0.004449812006670223, 3275.563788738528
7793180.749964526, 142.87109926868138, -138.5907285200216, 109.75308713610794, 37842.80871801432, -559.0505510823498, 0.013516676609804813, 0.023390446944374834, 0.004449812006670222, 3577.856919649572
7731996.505174179, 144.43100881256572, -135.55226808045208, 105.0012818557144, 34636.9046953736, -511.0125117372498, 0.013028407833334999, 0.025377305977365726, 0.004449812006670223, 3916.481789988594
7676582.66349875, 145.91958891654673, -132.25423874700587, 100.69762841711322, 31855.78836522913, -462.8179446620961, 0.01243266237025516, 0.02754523258793841, 0.004449812006670222, 4294.032029338684
7626956.1986965155, 147.32237993358964, -128.67632849391748, 96.84344506807358, 29463.90690246357, -414.48161228641834, 0.011716149533558415, 0.029882805801823144, 0.004449812006670222, 4711.627355116819
7583132.3118001465, 148.62335952658142, -124.80156620831526, 93.43991237963237, 27429.299574038756, -366.0183204636983, 0.010865817692310865, 0.03236212222174453, 0.004449812006670223, 5167.721445827324
7545124.426460492, 149.80512133350595, -120.61897641119174, 90.4880728844744, 25723.64758290349, -317.44291393627196, 0.009870107432083997, 0.03493310614715451, 0.004449812006670223, 5656.461213065495
7512944.184834799, 150.84926841938127, -116.1268462403004, 87.98883075759544, 24322.318200379603, -268.77027178819833, 0.008720745459956346, 0.037518395945618024, 0.004449812006670223, 6165.698474956328
7486601.444020609, 151.73708105011136, -111.33629754078632, 85.94295153934524, 23204.40313006644, -220.01530288768143, 0.007415035748762068, 0.04001079578454675, 0.004449812006670223, 6675.069801421803
7466104.273036445, 152.45048753983536, -106.2745337431563, 84.35106190093543, 22352.75105375525, -171.19294132038405, 0.0059583908153596175, 0.04227599181637158, 0.004449812006670223, 7155.035246915498
7451458.9503502, 152.97330203437974, -100.9868225211046, 83.21364945248523, 21753.99431735813, -122.31814181485409, 0.004366561178375647, 0.044163110980298875, 0.004449812006670223, 7568.197679892118
7442669.961955977, 153.2925990799936, -95.53617456625607, 82.5310625936608, 21398.56972241792, -73.40587516200048, 0.0026667777926902866, 0.04552396309780198, 0.004449812006670222, 7874.102544409018
7439740.000000001, 153.4, -90.0000000000001, 82.30351040695875, 21280.733396377036, -24.471123629100695, 0.000897015466700991, 0.046238283731577005, 0.004449812006670223, 8037.459603656369
